{"cameraMode":{"drawMode":0,"name":"Shaded","section":"Shading Mode"},"sceneLighting":false,"audioPlay":false,"sceneViewState":{"showFog":true,"showMaterialUpdate":false,"showSkybox":true,"showFlares":true,"showImageEffects":true,"showParticleSystems":true},"in2DMode":false,"pivot":{"x":-4.590000152587891,"y":-0.04851958155632019,"z":8.019448280334473},"rotation":{"x":0.08538596332073212,"y":0.3914932310581207,"z":-0.0365137979388237,"w":0.9154829382896423},"size":3.29731822013855,"orthographic":false}