{"cameraMode":{"drawMode":0,"name":"Shaded","section":"Shading Mode"},"sceneLighting":false,"audioPlay":false,"sceneViewState":{"showFog":true,"showMaterialUpdate":false,"showSkybox":true,"showFlares":true,"showImageEffects":true,"showParticleSystems":true},"in2DMode":false,"pivot":{"x":-0.6395381093025208,"y":0.9678575992584229,"z":-0.2203385829925537},"rotation":{"x":-0.3143022954463959,"y":-0.36138615012168887,"z":0.13085298240184785,"w":-0.8680389523506165},"size":1.504687786102295,"orthographic":false}