{"cameraMode":{"drawMode":0,"name":"Shaded","section":"Shading Mode"},"sceneLighting":false,"audioPlay":false,"sceneViewState":{"showFog":true,"showMaterialUpdate":false,"showSkybox":true,"showFlares":true,"showImageEffects":true,"showParticleSystems":true},"in2DMode":false,"pivot":{"x":0.0,"y":-0.06000000238418579,"z":8.029999732971192},"rotation":{"x":-0.015750588849186899,"y":-0.6945317983627319,"z":0.015211924910545349,"w":-0.7191287875175476},"size":3.8097500801086427,"orthographic":false}