{"cameraMode":{"drawMode":0,"name":"Shaded","section":"Shading Mode"},"sceneLighting":false,"audioPlay":false,"sceneViewState":{"showFog":true,"showMaterialUpdate":false,"showSkybox":true,"showFlares":true,"showImageEffects":true,"showParticleSystems":true},"in2DMode":false,"pivot":{"x":0.40867650508880618,"y":1.430618166923523,"z":9.087860107421875},"rotation":{"x":0.23683519661426545,"y":0.7617408633232117,"z":-0.3988940715789795,"w":0.4522649049758911},"size":13.466480255126954,"orthographic":false}