{"cameraMode":{"drawMode":0,"name":"Shaded","section":"Shading Mode"},"sceneLighting":true,"audioPlay":false,"sceneViewState":{"showFog":true,"showMaterialUpdate":false,"showSkybox":true,"showFlares":true,"showImageEffects":true,"showParticleSystems":true},"in2DMode":false,"pivot":{"x":-0.2537994384765625,"y":-0.138671875,"z":0.739990234375},"rotation":{"x":0.48233941197395327,"y":0.014452524483203888,"z":-0.007959416136145592,"w":0.8758290410041809},"size":4.20626163482666,"orthographic":true}